disease,method,seed,fold,npos,auroc,auprc
leishmaniasis,gcn,0,0,537,0.7939994187558317,0.2345129711954718
leishmaniasis,logreg,0,0,537,0.7630359300671489,0.1500268500813152
leishmaniasis,meta_abs_z,0,0,537,0.5304893158144302,0.0386888391984994
leishmaniasis,mlp,0,0,537,0.7499915872554568,0.1612308144673915
leishmaniasis,rwr,0,0,537,0.7908423451672607,0.1737777284297718
leishmaniasis,sage,0,0,537,0.7880447252091715,0.2023787732278389
leishmaniasis,sage_rwr,0,0,537,0.7716536396592074,0.142502114301685
leishmaniasis,gcn,0,1,537,0.7249889104731021,0.2503919377612162
leishmaniasis,logreg,0,1,537,0.722914786545727,0.1344272523740544
leishmaniasis,meta_abs_z,0,1,537,0.5120485797757621,0.0490028489707556
leishmaniasis,mlp,0,1,537,0.7240375055447635,0.1459373908250976
leishmaniasis,rwr,0,1,537,0.7565871789773162,0.2129668855679286
leishmaniasis,sage,0,1,537,0.7613411444391759,0.2281840832637434
leishmaniasis,sage_rwr,0,1,537,0.7373449378221699,0.1513522843476195
leishmaniasis,gcn,0,2,537,0.7657474108030756,0.2054418982525718
leishmaniasis,logreg,0,2,537,0.701432850663368,0.1080621699687807
leishmaniasis,meta_abs_z,0,2,537,0.4638558417618666,0.0377743603977813
leishmaniasis,mlp,0,2,537,0.6995652332096339,0.1100735184462219
leishmaniasis,rwr,0,2,537,0.809008828737054,0.1853549044414213
leishmaniasis,sage,0,2,537,0.7920547430206893,0.1926747595626546
leishmaniasis,sage_rwr,0,2,537,0.7907176987072206,0.1576913296633073
leishmaniasis,gcn,0,3,537,0.7568125591210071,0.2056235701478579
leishmaniasis,logreg,0,3,537,0.702366659390235,0.126208309764024
leishmaniasis,meta_abs_z,0,3,537,0.5961504644788862,0.0571499189779743
leishmaniasis,mlp,0,3,537,0.6995136918188654,0.129171645522312
leishmaniasis,rwr,0,3,537,0.7594532974362707,0.1839170668622876
leishmaniasis,sage,0,3,537,0.7515977831138276,0.167947393440512
leishmaniasis,sage_rwr,0,3,537,0.7533805088651193,0.1602849987387813
leishmaniasis,gcn,0,4,537,0.7692684330034457,0.2210017235314855
leishmaniasis,logreg,0,4,537,0.6956190441216972,0.136950209857672
leishmaniasis,meta_abs_z,0,4,537,0.5658734676140988,0.0426641933929952
leishmaniasis,mlp,0,4,537,0.7030277436057507,0.1503218507522278
leishmaniasis,rwr,0,4,537,0.7777084136630986,0.1515645072044759
leishmaniasis,sage,0,4,537,0.7581018306005912,0.2479982752658793
leishmaniasis,sage_rwr,0,4,537,0.7781184779881143,0.135428519306439
leishmaniasis,gcn,1,0,537,0.7170166878259938,0.2011889713229595
leishmaniasis,logreg,1,0,537,0.6743472475029444,0.0950709389523062
leishmaniasis,meta_abs_z,1,0,537,0.542219740887468,0.0391944017350102
leishmaniasis,mlp,1,0,537,0.6753261850497881,0.0982610811085051
leishmaniasis,rwr,1,0,537,0.7228872539272221,0.1826546725197708
leishmaniasis,sage,1,0,537,0.715744069015097,0.1590802603895061
leishmaniasis,sage_rwr,1,0,537,0.7240099729262585,0.1489011099589891
leishmaniasis,gcn,1,1,537,0.7919298835982074,0.2830980869279092
leishmaniasis,logreg,1,1,537,0.725155635774049,0.1322876885987124
leishmaniasis,meta_abs_z,1,1,537,0.5242807103415573,0.0519749831730383
leishmaniasis,mlp,1,1,537,0.7269636110558758,0.1446343708603877
leishmaniasis,rwr,1,1,537,0.799597717851844,0.2005956227380402
leishmaniasis,sage,1,1,537,0.7806353916514982,0.2555366060513162
leishmaniasis,sage_rwr,1,1,537,0.792771158052526,0.1616891219766094
leishmaniasis,gcn,1,2,537,0.7299867811491911,0.212341924847622
leishmaniasis,logreg,1,2,537,0.7224768973295496,0.1405070290446693
leishmaniasis,meta_abs_z,1,2,537,0.5102825074583425,0.0373537358422605
leishmaniasis,mlp,1,2,537,0.720142375512382,0.1695720169037991
leishmaniasis,rwr,1,2,537,0.7597807368599772,0.1578790705062151
leishmaniasis,sage,1,2,537,0.7490146498823644,0.2327665180719015
leishmaniasis,sage_rwr,1,2,537,0.7495270319435348,0.1423795812165671
leishmaniasis,gcn,1,3,537,0.7901598389483132,0.1987395819829279
leishmaniasis,logreg,1,3,537,0.7178472676999199,0.1034040765166704
leishmaniasis,meta_abs_z,1,3,537,0.5576369181886536,0.0400316439109149
leishmaniasis,mlp,1,3,537,0.7228407189114457,0.1132762704845776
leishmaniasis,rwr,1,3,537,0.7792694462635523,0.1548796620580236
leishmaniasis,sage,1,3,537,0.7664356399621625,0.1851102892130295
leishmaniasis,sage_rwr,1,3,537,0.77134116762473,0.1264906287875382
leishmaniasis,gcn,1,4,537,0.7949005134984608,0.2648860225728965
leishmaniasis,logreg,1,4,537,0.746121219910765,0.1991073073081866
leishmaniasis,meta_abs_z,1,4,537,0.5316820593797624,0.0612097555348858
leishmaniasis,mlp,1,4,537,0.7345720948166645,0.185373759813903
leishmaniasis,rwr,1,4,537,0.8133962506655894,0.1825012063918593
leishmaniasis,sage,1,4,537,0.7981106439233976,0.2440340530009168
leishmaniasis,sage_rwr,1,4,537,0.7893371034769784,0.1569943225371076
