disease,gene,score,known_ot,mu,z,p,q,I2,k
leishmaniasis,BCL2L2,0.8745449,False,-2.5915,-5.3352,9.5441e-08,2.1664e-05,0.0,1.0
leishmaniasis,HLA-E,0.6677633,False,6.876,7.6146,2.6458e-14,1.9618e-10,1.0,1.0
leishmaniasis,CFH,0.37983283,False,-1.3414,-4.3033,1.6824e-05,0.0012517,0.13564,2.0
leishmaniasis,EFR3A,0.3365048,False,1.0713,3.822,0.00013237,0.0057512,0.0,2.0
leishmaniasis,THBS1,0.20108108,False,1.1642,4.112,3.9226e-05,0.002352,0.0,2.0
leishmaniasis,ENTPD4,0.18558328,False,0.82708,3.0158,0.0025629,0.045682,0.0,2.0
leishmaniasis,PHOSPHO2,0.1810013,False,-3.4342,-6.1832,6.2822e-10,4.3671e-07,0.0,1.0
leishmaniasis,HSPA4,0.14436679,False,1.0096,3.6194,0.00029528,0.010259,0.0,2.0
leishmaniasis,CERS5,0.13383357,False,0.97782,3.5153,0.0004392,0.013761,0.0,2.0
leishmaniasis,CDC42,0.098186076,False,0.88794,3.2237,0.0012655,0.028825,0.0,2.0
leishmaniasis,LGALS9B,0.08834869,False,-3.0614,-5.8497,4.9252e-09,2.0672e-06,0.0,1.0
leishmaniasis,ICOSLG,0.08689034,False,1.0639,3.7979,0.00014594,0.0062058,0.0,2.0
leishmaniasis,MAFB,0.057553068,False,0.92871,3.3534,0.00079832,0.020722,0.0,2.0
leishmaniasis,CERS4,0.052165072,False,-0.88633,-3.2194,0.0012845,0.029084,0.0,2.0
leishmaniasis,TNFSF12,0.046683516,False,1.9461,4.4171,1.0002e-05,0.00085901,1.0,1.0
leishmaniasis,EZH2,0.043015495,False,1.9154,6.1189,9.4224e-10,6.162e-07,0.0,2.0
leishmaniasis,CSF2RB,0.03507631,False,1.4167,4.8529,1.2168e-06,0.00016405,0.0,2.0
leishmaniasis,ZDHHC6,0.034352317,False,0.83934,3.0619,0.0021994,0.041243,0.0,2.0
leishmaniasis,CHUK,0.029250966,False,1.1848,4.1753,2.9761e-05,0.0019301,0.0,2.0
leishmaniasis,SLC25A27,0.025871517,False,-0.97568,-3.0148,0.0025715,0.045763,0.25922,2.0
leishmaniasis,PKP4,0.023495488,False,-1.4862,-4.5979,4.2674e-06,0.0004542,0.16568,2.0
leishmaniasis,TICAM2,0.022792539,False,4.7998,7.0078,2.4211e-12,5.3857e-09,0.0,1.0
leishmaniasis,GNG2,0.021866247,False,1.1457,4.0135,5.9818e-05,0.0032623,0.016417,2.0
leishmaniasis,CCL3L1,0.02080827,False,2.6436,5.398,6.7378e-08,1.6707e-05,0.0,1.0
leishmaniasis,HMGB2,0.017845623,False,1.1033,3.9201,8.8509e-05,0.0043145,0.0,2.0
leishmaniasis,BIRC2,0.017271912,False,1.1278,3.988,6.6619e-05,0.00352,0.0,2.0
leishmaniasis,JUP,0.016380148,False,-1.2176,-3.729,0.00019226,0.0076328,0.23428,2.0
leishmaniasis,KIR3DL1,0.01589117,False,2.4629,5.1732,2.3012e-07,4.3016e-05,0.0,1.0
leishmaniasis,HNRNPLL,0.015444231,False,1.8057,3.2172,0.0012943,0.029231,0.69308,2.0
leishmaniasis,ITGA1,0.01488985,False,3.0271,5.8159,6.0321e-09,2.3016e-06,0.0,1.0
