gsm,source_url,source_sha256,title,source_characteristics,analysis_label,platform,finite_probe_values
GSM1341364,https://www.ncbi.nlm.nih.gov/geo/query/acc.cgi?acc=GSM1341364&targ=self&form=text&view=full,fce6662c167077846bbeba56e9eb3657fd272aded89927a8376a00962017466d,Norm_skin_control_1,tissue: normal skin | lesion stage: N/A | lesion size (mm^2): N/A | illness duration at time of biopsy (days): N/A | patient age (years): N/A | patient sex: N/A | batch: 1,control,GPL10558,47304
GSM1341365,https://www.ncbi.nlm.nih.gov/geo/query/acc.cgi?acc=GSM1341365&targ=self&form=text&view=full,c92f44c9baa35a749d779c7cc804f41bb21ae29abf8c494ccc043a4ce5a456cc,Norm_skin_control_2,tissue: normal skin | lesion stage: N/A | lesion size (mm^2): N/A | illness duration at time of biopsy (days): N/A | patient age (years): N/A | patient sex: N/A | batch: 1,control,GPL10558,47304
GSM1341366,https://www.ncbi.nlm.nih.gov/geo/query/acc.cgi?acc=GSM1341366&targ=self&form=text&view=full,43fb59abd954e5752765829956ab6b6973a499cbfc30cc42f447e0b793a7d727,Norm_skin_control_3,tissue: normal skin | lesion stage: N/A | lesion size (mm^2): N/A | illness duration at time of biopsy (days): N/A | patient age (years): N/A | patient sex: N/A | batch: 2,control,GPL10558,47304
GSM1341367,https://www.ncbi.nlm.nih.gov/geo/query/acc.cgi?acc=GSM1341367&targ=self&form=text&view=full,0d00d7e9ca41029c04bd596d837d080cf7b2b175ee11d302f18b8dcb9933a8b6,Norm_skin_control_4,tissue: normal skin | lesion stage: N/A | lesion size (mm^2): N/A | illness duration at time of biopsy (days): N/A | patient age (years): N/A | patient sex: N/A | batch: 2,control,GPL10558,47304
GSM1341368,https://www.ncbi.nlm.nih.gov/geo/query/acc.cgi?acc=GSM1341368&targ=self&form=text&view=full,362b2f186aa88755ba4f7d2d745512e865f7f4ef312b1a9966ab75ca940c76d1,Norm_skin_control_5,tissue: normal skin | lesion stage: N/A | lesion size (mm^2): N/A | illness duration at time of biopsy (days): N/A | patient age (years): N/A | patient sex: N/A | batch: 2,control,GPL10558,47304
GSM1341369,https://www.ncbi.nlm.nih.gov/geo/query/acc.cgi?acc=GSM1341369&targ=self&form=text&view=full,e2dca50e04302a0c6c180c5919d14d3be5e3a14445145ec02a0e2faf2c36c814,Norm_skin_control_6,tissue: normal skin | lesion stage: N/A | lesion size (mm^2): N/A | illness duration at time of biopsy (days): N/A | patient age (years): N/A | patient sex: N/A | batch: 2,control,GPL10558,47304
GSM1341370,https://www.ncbi.nlm.nih.gov/geo/query/acc.cgi?acc=GSM1341370&targ=self&form=text&view=full,d4c3ace9ab376c68da3743f6da2c25abdc11ce657463874a774906b9a0b4b890,Norm_skin_control_7,tissue: normal skin | lesion stage: N/A | lesion size (mm^2): N/A | illness duration at time of biopsy (days): N/A | patient age (years): N/A | patient sex: N/A | batch: 2,control,GPL10558,47304
GSM1341371,https://www.ncbi.nlm.nih.gov/geo/query/acc.cgi?acc=GSM1341371&targ=self&form=text&view=full,777800bb3f626c11b9ca1516b4b0d615d1a2bd3dd758baabf4880afee94fcbef,Norm_skin_control_8,tissue: normal skin | lesion stage: N/A | lesion size (mm^2): N/A | illness duration at time of biopsy (days): N/A | patient age (years): N/A | patient sex: N/A | batch: 2,control,GPL10558,47304
GSM1341372,https://www.ncbi.nlm.nih.gov/geo/query/acc.cgi?acc=GSM1341372&targ=self&form=text&view=full,3f4f2ea38ffd99cdd432da6673b58d9fe254c48ac422b44f3c12bdefda6ea17e,Norm_skin_control_9,tissue: normal skin | lesion stage: N/A | lesion size (mm^2): N/A | illness duration at time of biopsy (days): N/A | patient age (years): N/A | patient sex: N/A | batch: 2,control,GPL10558,47304
GSM1341373,https://www.ncbi.nlm.nih.gov/geo/query/acc.cgi?acc=GSM1341373&targ=self&form=text&view=full,885488c220eeb585f53b7c21fb591351d23fb0ea7ca0ec96024970824cc99461,Norm_skin_control_10,tissue: normal skin | lesion stage: N/A | lesion size (mm^2): N/A | illness duration at time of biopsy (days): N/A | patient age (years): N/A | patient sex: N/A | batch: 2,control,GPL10558,47304
GSM1341374,https://www.ncbi.nlm.nih.gov/geo/query/acc.cgi?acc=GSM1341374&targ=self&form=text&view=full,8c815cb59e694cf07dce5f3d1de2f873453d4296964cad9a718f63ab622236ff,Early_lesion_patient_1,tissue: Leishmania braziliensis lesion | lesion stage: early | lesion size (mm^2): 36 | illness duration at time of biopsy (days): 21 | patient age (years): 44 | patient sex: F | batch: 2,case,GPL10558,47304
GSM1341375,https://www.ncbi.nlm.nih.gov/geo/query/acc.cgi?acc=GSM1341375&targ=self&form=text&view=full,dccb5843a99c74c2e899ba090b6e46075fbc6f97981719c3fd1d6d8d74dcba19,Early_lesion_patient_2,tissue: Leishmania braziliensis lesion | lesion stage: early | lesion size (mm^2): 40 | illness duration at time of biopsy (days): 21 | patient age (years): 24 | patient sex: M | batch: 1,case,GPL10558,47304
GSM1341376,https://www.ncbi.nlm.nih.gov/geo/query/acc.cgi?acc=GSM1341376&targ=self&form=text&view=full,dae4a511ba18f25d7e9c14df61351245faf870423126b9b8342e0cd003ced591,Early_lesion_patient_3,tissue: Leishmania braziliensis lesion | lesion stage: early | lesion size (mm^2): 56 | illness duration at time of biopsy (days): 15 | patient age (years): 31 | patient sex: F | batch: 2,case,GPL10558,47304
GSM1341377,https://www.ncbi.nlm.nih.gov/geo/query/acc.cgi?acc=GSM1341377&targ=self&form=text&view=full,2308544835f083e6ed9984a1d7cf035506aa181af2ee551915e182add0340de6,Early_lesion_patient_4,tissue: Leishmania braziliensis lesion | lesion stage: early | lesion size (mm^2): 12 | illness duration at time of biopsy (days): 20 | patient age (years): 25 | patient sex: F | batch: 2,case,GPL10558,47304
GSM1341378,https://www.ncbi.nlm.nih.gov/geo/query/acc.cgi?acc=GSM1341378&targ=self&form=text&view=full,f2e3f20e9c1ad4e63885762ad68893826534e7df5bc71a6b5f684da248228737,Early_lesion_patient_5,tissue: Leishmania braziliensis lesion | lesion stage: early | lesion size (mm^2): 80 | illness duration at time of biopsy (days): 20 | patient age (years): 33 | patient sex: M | batch: 2,case,GPL10558,47304
GSM1341379,https://www.ncbi.nlm.nih.gov/geo/query/acc.cgi?acc=GSM1341379&targ=self&form=text&view=full,75fc9b1c767fdfa2c85eb040797271bc667bb2e413a184d031e9f4398e3dbe8a,Early_lesion_patient_6,tissue: Leishmania braziliensis lesion | lesion stage: early | lesion size (mm^2): 120 | illness duration at time of biopsy (days): 15 | patient age (years): 25 | patient sex: F | batch: 2,case,GPL10558,47304
GSM1341380,https://www.ncbi.nlm.nih.gov/geo/query/acc.cgi?acc=GSM1341380&targ=self&form=text&view=full,79dfc1d74420cacaf02a9c78eb74b1fde27cc78c59c6f73e29f557bc73a8a4d3,Early_lesion_patient_7,tissue: Leishmania braziliensis lesion | lesion stage: early | lesion size (mm^2): 25 | illness duration at time of biopsy (days): 30 | patient age (years): 30 | patient sex: F | batch: 2,case,GPL10558,47304
GSM1341381,https://www.ncbi.nlm.nih.gov/geo/query/acc.cgi?acc=GSM1341381&targ=self&form=text&view=full,13b23cfd579c90e2056cf2c081dbc7b253575d62e4f8365824dff32711c34ec0,Early_lesion_patient_8,tissue: Leishmania braziliensis lesion | lesion stage: early | lesion size (mm^2): 4 | illness duration at time of biopsy (days): 15 | patient age (years): 40 | patient sex: M | batch: 2,case,GPL10558,47304
GSM1341382,https://www.ncbi.nlm.nih.gov/geo/query/acc.cgi?acc=GSM1341382&targ=self&form=text&view=full,dea367ccb74e83da3d9be8980fc2a30ecebce5a5e24ffe7a25662354ade9208c,Late_lesion_patient_1,tissue: Leishmania braziliensis lesion | lesion stage: late | lesion size (mm^2): 100 | illness duration at time of biopsy (days): 30 | patient age (years): 25 | patient sex: M | batch: 1,case,GPL10558,47304
GSM1341383,https://www.ncbi.nlm.nih.gov/geo/query/acc.cgi?acc=GSM1341383&targ=self&form=text&view=full,058556e4e8de9ce6f0e62ce0fac8724b99251732daac731605ae66adf3678455,Late_lesion_patient_2,tissue: Leishmania braziliensis lesion | lesion stage: late | lesion size (mm^2): 440 | illness duration at time of biopsy (days): 37 | patient age (years): 28 | patient sex: M | batch: 1,case,GPL10558,47304
GSM1341384,https://www.ncbi.nlm.nih.gov/geo/query/acc.cgi?acc=GSM1341384&targ=self&form=text&view=full,98846dd80aac639e2fce145d80de89c0d4ffac7f6365c4bdd3d83a760c8253b1,Late_lesion_patient_3,tissue: Leishmania braziliensis lesion | lesion stage: late | lesion size (mm^2): 100 | illness duration at time of biopsy (days): 90 | patient age (years): 19 | patient sex: M | batch: 1,case,GPL10558,47304
GSM1341385,https://www.ncbi.nlm.nih.gov/geo/query/acc.cgi?acc=GSM1341385&targ=self&form=text&view=full,6a2cad8792bf971a78ef8b03d0b51402a204420edf080cfb306e39545d51e762,Late_lesion_patient_4,tissue: Leishmania braziliensis lesion | lesion stage: late | lesion size (mm^2): 560 | illness duration at time of biopsy (days): 90 | patient age (years): 33 | patient sex: F | batch: 1,case,GPL10558,47304
GSM1341386,https://www.ncbi.nlm.nih.gov/geo/query/acc.cgi?acc=GSM1341386&targ=self&form=text&view=full,f7ee4a588521e0ad349b6ec17fe412e9b74d5f832f6790d9b663bc554018b430,Late_lesion_patient_5,tissue: Leishmania braziliensis lesion | lesion stage: late | lesion size (mm^2): 180 | illness duration at time of biopsy (days): 60 | patient age (years): 18 | patient sex: M | batch: 1,case,GPL10558,47304
GSM1341387,https://www.ncbi.nlm.nih.gov/geo/query/acc.cgi?acc=GSM1341387&targ=self&form=text&view=full,88df3d96b53735993731bd21d43efa7d534e0b2c03813951cb9b5e4fbc4007cb,Late_lesion_patient_6,tissue: Leishmania braziliensis lesion | lesion stage: late | lesion size (mm^2): 252 | illness duration at time of biopsy (days): 30 | patient age (years): 27 | patient sex: M | batch: 1,case,GPL10558,47304
GSM1341388,https://www.ncbi.nlm.nih.gov/geo/query/acc.cgi?acc=GSM1341388&targ=self&form=text&view=full,5160a2ce5f9bc6c3439722440387c4fa20be44234284a2bf8b58da9549863f6f,Late_lesion_patient_7,tissue: Leishmania braziliensis lesion | lesion stage: late | lesion size (mm^2): 100 | illness duration at time of biopsy (days): 30 | patient age (years): 45 | patient sex: F | batch: 1,case,GPL10558,47304
GSM1341389,https://www.ncbi.nlm.nih.gov/geo/query/acc.cgi?acc=GSM1341389&targ=self&form=text&view=full,fdb21d32167671e6e9de0d07634bd8684afbddced38c68cc70b20e6f993afff3,Late_lesion_patient_8,tissue: Leishmania braziliensis lesion | lesion stage: late | lesion size (mm^2): 48 | illness duration at time of biopsy (days): 30 | patient age (years): 21 | patient sex: M | batch: 1,case,GPL10558,47304
GSM1341390,https://www.ncbi.nlm.nih.gov/geo/query/acc.cgi?acc=GSM1341390&targ=self&form=text&view=full,26998986566ed208303dc4516879719bef0e89e77cfbe2ca31457fe3368f24d1,Late_lesion_patient_9,tissue: Leishmania braziliensis lesion | lesion stage: late | lesion size (mm^2): 550 | illness duration at time of biopsy (days): 30 | patient age (years): 37 | patient sex: M | batch: 2,case,GPL10558,47304
GSM1341391,https://www.ncbi.nlm.nih.gov/geo/query/acc.cgi?acc=GSM1341391&targ=self&form=text&view=full,58af30a52a1d8d9b23e79b798d863e17802cc478c196a9d4e15ecf10bafc6e16,Late_lesion_patient_10,tissue: Leishmania braziliensis lesion | lesion stage: late | lesion size (mm^2): 380 | illness duration at time of biopsy (days): 60 | patient age (years): 25 | patient sex: M | batch: 2,case,GPL10558,47304
GSM1341392,https://www.ncbi.nlm.nih.gov/geo/query/acc.cgi?acc=GSM1341392&targ=self&form=text&view=full,982700576d13fe7d977e64bb3e09a05de8cf7527d2916b55ca08aee0dcf7bea5,Late_lesion_patient_11,tissue: Leishmania braziliensis lesion | lesion stage: late | lesion size (mm^2): 250 | illness duration at time of biopsy (days): 30 | patient age (years): 30 | patient sex: M | batch: 2,case,GPL10558,47304
GSM1341393,https://www.ncbi.nlm.nih.gov/geo/query/acc.cgi?acc=GSM1341393&targ=self&form=text&view=full,af7511ce3a92704238156f9c199f88e12fba583acc74bac441fd59a1709ada95,Late_lesion_patient_12,tissue: Leishmania braziliensis lesion | lesion stage: late | lesion size (mm^2): 100 | illness duration at time of biopsy (days): 35 | patient age (years): 33 | patient sex: F | batch: 2,case,GPL10558,47304
GSM1341394,https://www.ncbi.nlm.nih.gov/geo/query/acc.cgi?acc=GSM1341394&targ=self&form=text&view=full,8825831b58d49f862a10ae873d378576fe88f359b420224bbd078ad153120622,Late_lesion_patient_13,tissue: Leishmania braziliensis lesion | lesion stage: late | lesion size (mm^2): 440 | illness duration at time of biopsy (days): 40 | patient age (years): 25 | patient sex: M | batch: 2,case,GPL10558,47304
GSM1341395,https://www.ncbi.nlm.nih.gov/geo/query/acc.cgi?acc=GSM1341395&targ=self&form=text&view=full,f9b4c72ce78438d0ba8e25831e4d993795b9f9eb7d3c62911be8426388a8bb9f,Late_lesion_patient_14,tissue: Leishmania braziliensis lesion | lesion stage: late | lesion size (mm^2): 192 | illness duration at time of biopsy (days): 25 | patient age (years): 19 | patient sex: F | batch: 2,case,GPL10558,47304
GSM1341396,https://www.ncbi.nlm.nih.gov/geo/query/acc.cgi?acc=GSM1341396&targ=self&form=text&view=full,a61e08ac0e109d8f3afa6beaaebc93f8fc7780324c5b44ed52fbe417ee720c68,Late_lesion_patient_15,tissue: Leishmania braziliensis lesion | lesion stage: late | lesion size (mm^2): 400 | illness duration at time of biopsy (days): 30 | patient age (years): 40 | patient sex: M | batch: 2,case,GPL10558,47304
GSM1341397,https://www.ncbi.nlm.nih.gov/geo/query/acc.cgi?acc=GSM1341397&targ=self&form=text&view=full,20396eea573e5fe40eb032c6786e4675ee8174c9950b9a5c68807195b3ae7952,Late_lesion_patient_16,tissue: Leishmania braziliensis lesion | lesion stage: late | lesion size (mm^2): 48 | illness duration at time of biopsy (days): 45 | patient age (years): 26 | patient sex: F | batch: 1,case,GPL10558,47304
GSM1341398,https://www.ncbi.nlm.nih.gov/geo/query/acc.cgi?acc=GSM1341398&targ=self&form=text&view=full,95c30e6505634fa974885f3a7244a84c0b5953938ae5fb7943616165bcff16ef,Late_lesion_patient_17,tissue: Leishmania braziliensis lesion | lesion stage: late | lesion size (mm^2): 960 | illness duration at time of biopsy (days): 30 | patient age (years): 19 | patient sex: M | batch: 2,case,GPL10558,47304
