gsm,label
GSM3587422,case
GSM3587423,
GSM3587424,
GSM3587425,control
GSM3587426,case
GSM3587427,
GSM3587428,
GSM3587429,case
GSM3587430,case
GSM3587431,
GSM3587432,control
GSM3587433,
GSM3587434,
GSM3587435,control
GSM3587436,case
GSM3587437,
GSM3587438,case
GSM3587439,
GSM3587440,control
GSM3587441,case
GSM3587442,
GSM3587443,
GSM3587444,case
GSM3587445,
GSM3587446,
GSM3587447,case
GSM3587448,
GSM3587449,case
GSM3587450,
GSM3587451,control
GSM3587452,case
GSM3587453,
GSM3587454,
GSM3587455,case
GSM3587456,
GSM3587457,control
GSM3587458,case
GSM3587459,
GSM3587460,
GSM3587461,control
GSM3587462,case
GSM3587463,
GSM3587464,control
GSM3587465,case
GSM3587466,case
GSM3587467,
GSM3587468,
GSM3587469,control
GSM3587470,
GSM3587471,control
GSM3587472,case
GSM3587473,
GSM3587474,
GSM3587475,case
GSM3587476,case
GSM3587477,
GSM3587478,
GSM3587479,control
GSM3587480,case
GSM3587481,
GSM3587482,case
GSM3587483,
GSM3587484,
GSM3587485,control
GSM3587486,case
GSM3587487,
GSM3587488,
GSM3587489,control
GSM3587490,case
GSM3587491,
GSM3587492,case
GSM3587493,control
GSM3587494,case
GSM3587495,
GSM3587496,case
GSM3587497,
GSM3587498,control
GSM3587499,
GSM3587500,case
GSM3587501,
GSM3587502,control
GSM3587503,case
GSM3587504,case
GSM3587505,
