accession,source,role
GSE125993,GEO series,leishmaniasis:validation
GSE127831,GEO series and depositor normalized expression/design files,"leishmaniasis:P35 selected two-gene descriptive lesion follow-up; parent of 28 analyzed GSMs, not an independent additional cohort"
GSE214397,GEO series and processed expression matrix,leishmaniasis:P30 selected two-gene descriptive follow-up
GSE216638,GEO series and count workbook,leishmaniasis:P28 cross-parasite lesion panel transport
GSE55664,GEO series,leishmaniasis:discovery
GSE80008,GEO series,leishmaniasis:discovery
GSM6685067,GEO individually fetched GSM full-text record,leishmaniasis:P28 count-column and label source; nested in GSE216638; not independent cohort
GSM6685068,GEO individually fetched GSM full-text record,leishmaniasis:P28 count-column and label source; nested in GSE216638; not independent cohort
GSM6685069,GEO individually fetched GSM full-text record,leishmaniasis:P28 count-column and label source; nested in GSE216638; not independent cohort
GSM6685070,GEO individually fetched GSM full-text record,leishmaniasis:P28 count-column and label source; nested in GSE216638; not independent cohort
GSM6685071,GEO individually fetched GSM full-text record,leishmaniasis:P28 count-column and label source; nested in GSE216638; not independent cohort
GSM6685072,GEO individually fetched GSM full-text record,leishmaniasis:P28 count-column and label source; nested in GSE216638; not independent cohort
GSM6685073,GEO individually fetched GSM full-text record,leishmaniasis:P28 count-column and label source; nested in GSE216638; not independent cohort
GSM6685074,GEO individually fetched GSM full-text record,leishmaniasis:P28 count-column and label source; nested in GSE216638; not independent cohort
GSM6685075,GEO individually fetched GSM full-text record,leishmaniasis:P28 count-column and label source; nested in GSE216638; not independent cohort
GSM6685076,GEO individually fetched GSM full-text record,leishmaniasis:P28 count-column and label source; nested in GSE216638; not independent cohort
GSM6685077,GEO individually fetched GSM full-text record,leishmaniasis:P28 count-column and label source; nested in GSE216638; not independent cohort
GSM6685078,GEO individually fetched GSM full-text record,leishmaniasis:P28 count-column and label source; nested in GSE216638; not independent cohort
GSM6685079,GEO individually fetched GSM full-text record,leishmaniasis:P28 count-column and label source; nested in GSE216638; not independent cohort
GSM6685080,GEO individually fetched GSM full-text record,leishmaniasis:P28 count-column and label source; nested in GSE216638; not independent cohort
GSM6685081,GEO individually fetched GSM full-text record,leishmaniasis:P28 count-column and label source; nested in GSE216638; not independent cohort
GSM6685082,GEO individually fetched GSM full-text record,leishmaniasis:P28 count-column and label source; nested in GSE216638; not independent cohort
GSM6685083,GEO individually fetched GSM full-text record,leishmaniasis:P28 count-column and label source; nested in GSE216638; not independent cohort
GSM6685084,GEO individually fetched GSM full-text record,leishmaniasis:P28 count-column and label source; nested in GSE216638; not independent cohort
GSM6685085,GEO individually fetched GSM full-text record,leishmaniasis:P28 count-column and label source; nested in GSE216638; not independent cohort
GSM6685086,GEO individually fetched GSM full-text record,leishmaniasis:P28 count-column and label source; nested in GSE216638; not independent cohort
GSM6685087,GEO individually fetched GSM full-text record,leishmaniasis:P28 count-column and label source; nested in GSE216638; not independent cohort
GSM6685088,GEO individually fetched GSM full-text record,leishmaniasis:P28 count-column and label source; nested in GSE216638; not independent cohort
GSM6919123,GEO individually fetched GSM full-text record,leishmaniasis:P30 lesion or healthy expression column; nested in GSE214397; not independent cohort
GSM6919124,GEO individually fetched GSM full-text record,leishmaniasis:P30 lesion or healthy expression column; nested in GSE214397; not independent cohort
GSM6919125,GEO individually fetched GSM full-text record,leishmaniasis:P30 lesion or healthy expression column; nested in GSE214397; not independent cohort
GSM6919126,GEO individually fetched GSM full-text record,leishmaniasis:P30 lesion or healthy expression column; nested in GSE214397; not independent cohort
GSM6919127,GEO individually fetched GSM full-text record,leishmaniasis:P30 lesion or healthy expression column; nested in GSE214397; not independent cohort
GSM6919128,GEO individually fetched GSM full-text record,leishmaniasis:P30 lesion or healthy expression column; nested in GSE214397; not independent cohort
GSM6919129,GEO individually fetched GSM full-text record,leishmaniasis:P30 lesion or healthy expression column; nested in GSE214397; not independent cohort
GSM6919130,GEO individually fetched GSM full-text record,leishmaniasis:P30 lesion or healthy expression column; nested in GSE214397; not independent cohort
GSM6919131,GEO individually fetched GSM full-text record,leishmaniasis:P30 lesion or healthy expression column; nested in GSE214397; not independent cohort
GSM6919132,GEO individually fetched GSM full-text record,leishmaniasis:P30 lesion or healthy expression column; nested in GSE214397; not independent cohort
GSM6919133,GEO individually fetched GSM full-text record,leishmaniasis:P30 lesion or healthy expression column; nested in GSE214397; not independent cohort
GSM6919134,GEO individually fetched GSM full-text record,leishmaniasis:P30 lesion or healthy expression column; nested in GSE214397; not independent cohort
GSM6919135,GEO individually fetched GSM full-text record,leishmaniasis:P30 lesion or healthy expression column; nested in GSE214397; not independent cohort
GSM6919136,GEO individually fetched GSM full-text record,leishmaniasis:P30 lesion or healthy expression column; nested in GSE214397; not independent cohort
GSM6919137,GEO individually fetched GSM full-text record,leishmaniasis:P30 lesion or healthy expression column; nested in GSE214397; not independent cohort
GSM6919138,GEO individually fetched GSM full-text record,leishmaniasis:P30 lesion or healthy expression column; nested in GSE214397; not independent cohort
GSM6919139,GEO individually fetched GSM full-text record,leishmaniasis:P30 lesion or healthy expression column; nested in GSE214397; not independent cohort
GSM6919140,GEO individually fetched GSM full-text record,leishmaniasis:P30 lesion or healthy expression column; nested in GSE214397; not independent cohort
GSM6919141,GEO individually fetched GSM full-text record,leishmaniasis:P30 lesion or healthy expression column; nested in GSE214397; not independent cohort
GSM6919142,GEO individually fetched GSM full-text record,leishmaniasis:P30 lesion or healthy expression column; nested in GSE214397; not independent cohort
GSM6919143,GEO individually fetched GSM full-text record,leishmaniasis:P30 lesion or healthy expression column; nested in GSE214397; not independent cohort
GSM6919144,GEO individually fetched GSM full-text record,leishmaniasis:P30 lesion or healthy expression column; nested in GSE214397; not independent cohort
GSM6919145,GEO individually fetched GSM full-text record,leishmaniasis:P30 lesion or healthy expression column; nested in GSE214397; not independent cohort
GSM6919146,GEO individually fetched GSM full-text record,leishmaniasis:P30 lesion or healthy expression column; nested in GSE214397; not independent cohort
GSM6919147,GEO individually fetched GSM full-text record,leishmaniasis:P30 lesion or healthy expression column; nested in GSE214397; not independent cohort
GSM6919148,GEO individually fetched GSM full-text record,leishmaniasis:P30 lesion or healthy expression column; nested in GSE214397; not independent cohort
GSM6919149,GEO individually fetched GSM full-text record,leishmaniasis:P30 lesion or healthy expression column; nested in GSE214397; not independent cohort
GSM6919150,GEO individually fetched GSM full-text record,leishmaniasis:P30 lesion or healthy expression column; nested in GSE214397; not independent cohort
GSM6919151,GEO individually fetched GSM full-text record,leishmaniasis:P30 lesion or healthy expression column; nested in GSE214397; not independent cohort
GSM6919152,GEO individually fetched GSM full-text record,leishmaniasis:P30 lesion or healthy expression column; nested in GSE214397; not independent cohort
GSM6919153,GEO individually fetched GSM full-text record,leishmaniasis:P30 lesion or healthy expression column; nested in GSE214397; not independent cohort
GSM6919154,GEO individually fetched GSM full-text record,leishmaniasis:P30 lesion or healthy expression column; nested in GSE214397; not independent cohort
GSM6919155,GEO individually fetched GSM full-text record,leishmaniasis:P30 lesion or healthy expression column; nested in GSE214397; not independent cohort
GSM6919156,GEO individually fetched GSM full-text record,leishmaniasis:P30 lesion or healthy expression column; nested in GSE214397; not independent cohort
GSM6919157,GEO individually fetched GSM full-text record,leishmaniasis:P30 lesion or healthy expression column; nested in GSE214397; not independent cohort
GSM6919158,GEO individually fetched GSM full-text record,leishmaniasis:P30 lesion or healthy expression column; nested in GSE214397; not independent cohort
GSM6919159,GEO individually fetched GSM full-text record,leishmaniasis:P30 lesion or healthy expression column; nested in GSE214397; not independent cohort
GSM6919160,GEO individually fetched GSM full-text record,leishmaniasis:P30 lesion or healthy expression column; nested in GSE214397; not independent cohort
GSM6919161,GEO individually fetched GSM full-text record,leishmaniasis:P30 lesion or healthy expression column; nested in GSE214397; not independent cohort
GSM6919162,GEO individually fetched GSM full-text record,leishmaniasis:P30 lesion or healthy expression column; nested in GSE214397; not independent cohort
GSM6919163,GEO individually fetched GSM full-text record,leishmaniasis:P30 lesion or healthy expression column; nested in GSE214397; not independent cohort
GSM6919164,GEO individually fetched GSM full-text record,leishmaniasis:P30 lesion or healthy expression column; nested in GSE214397; not independent cohort
GSM6919165,GEO individually fetched GSM full-text record,leishmaniasis:P30 lesion or healthy expression column; nested in GSE214397; not independent cohort
GSM6919166,GEO individually fetched GSM full-text record,leishmaniasis:P30 lesion or healthy expression column; nested in GSE214397; not independent cohort
GSM6919167,GEO individually fetched GSM full-text record,leishmaniasis:P30 lesion or healthy expression column; nested in GSE214397; not independent cohort
GSM6919168,GEO individually fetched GSM full-text record,leishmaniasis:P30 lesion or healthy expression column; nested in GSE214397; not independent cohort
GSM6919169,GEO individually fetched GSM full-text record,leishmaniasis:P30 lesion or healthy expression column; nested in GSE214397; not independent cohort
GSM6919170,GEO individually fetched GSM full-text record,leishmaniasis:P30 lesion or healthy expression column; nested in GSE214397; not independent cohort
GSM6919171,GEO individually fetched GSM full-text record,leishmaniasis:P30 lesion or healthy expression column; nested in GSE214397; not independent cohort
GSM6919172,GEO individually fetched GSM full-text record,leishmaniasis:P30 lesion or healthy expression column; nested in GSE214397; not independent cohort
GSM6919173,GEO individually fetched GSM full-text record,leishmaniasis:P30 lesion or healthy expression column; nested in GSE214397; not independent cohort
GSM6919174,GEO individually fetched GSM full-text record,leishmaniasis:P30 lesion or healthy expression column; nested in GSE214397; not independent cohort
GSM6919175,GEO individually fetched GSM full-text record,leishmaniasis:P30 lesion or healthy expression column; nested in GSE214397; not independent cohort
GSM6919176,GEO individually fetched GSM full-text record,leishmaniasis:P30 lesion or healthy expression column; nested in GSE214397; not independent cohort
GSM6919177,GEO individually fetched GSM full-text record,leishmaniasis:P30 lesion or healthy expression column; nested in GSE214397; not independent cohort
GSM6919178,GEO individually fetched GSM full-text record,leishmaniasis:P30 lesion or healthy expression column; nested in GSE214397; not independent cohort
GSM6919179,GEO individually fetched GSM full-text record,leishmaniasis:P30 lesion or healthy expression column; nested in GSE214397; not independent cohort
MONDO_0011989,Open Targets disease associations,known genes leishmaniasis
GSM3639530,GEO individually fetched GSM full-text record,leishmaniasis:P35 pretreatment lesion or healthy skin; nested in GSE127831; not independent cohort
GSM3639531,GEO individually fetched GSM full-text record,leishmaniasis:P35 pretreatment lesion or healthy skin; nested in GSE127831; not independent cohort
GSM3639532,GEO individually fetched GSM full-text record,leishmaniasis:P35 pretreatment lesion or healthy skin; nested in GSE127831; not independent cohort
GSM3639533,GEO individually fetched GSM full-text record,leishmaniasis:P35 pretreatment lesion or healthy skin; nested in GSE127831; not independent cohort
GSM3639534,GEO individually fetched GSM full-text record,leishmaniasis:P35 pretreatment lesion or healthy skin; nested in GSE127831; not independent cohort
GSM3639535,GEO individually fetched GSM full-text record,leishmaniasis:P35 pretreatment lesion or healthy skin; nested in GSE127831; not independent cohort
GSM3639536,GEO individually fetched GSM full-text record,leishmaniasis:P35 pretreatment lesion or healthy skin; nested in GSE127831; not independent cohort
GSM3639537,GEO individually fetched GSM full-text record,leishmaniasis:P35 pretreatment lesion or healthy skin; nested in GSE127831; not independent cohort
GSM3639538,GEO individually fetched GSM full-text record,leishmaniasis:P35 pretreatment lesion or healthy skin; nested in GSE127831; not independent cohort
GSM3639539,GEO individually fetched GSM full-text record,leishmaniasis:P35 pretreatment lesion or healthy skin; nested in GSE127831; not independent cohort
GSM3639540,GEO individually fetched GSM full-text record,leishmaniasis:P35 pretreatment lesion or healthy skin; nested in GSE127831; not independent cohort
GSM3639541,GEO individually fetched GSM full-text record,leishmaniasis:P35 pretreatment lesion or healthy skin; nested in GSE127831; not independent cohort
GSM3639542,GEO individually fetched GSM full-text record,leishmaniasis:P35 pretreatment lesion or healthy skin; nested in GSE127831; not independent cohort
GSM3639543,GEO individually fetched GSM full-text record,leishmaniasis:P35 pretreatment lesion or healthy skin; nested in GSE127831; not independent cohort
GSM3639544,GEO individually fetched GSM full-text record,leishmaniasis:P35 pretreatment lesion or healthy skin; nested in GSE127831; not independent cohort
GSM3639545,GEO individually fetched GSM full-text record,leishmaniasis:P35 pretreatment lesion or healthy skin; nested in GSE127831; not independent cohort
GSM3639546,GEO individually fetched GSM full-text record,leishmaniasis:P35 pretreatment lesion or healthy skin; nested in GSE127831; not independent cohort
GSM3639547,GEO individually fetched GSM full-text record,leishmaniasis:P35 pretreatment lesion or healthy skin; nested in GSE127831; not independent cohort
GSM3639548,GEO individually fetched GSM full-text record,leishmaniasis:P35 pretreatment lesion or healthy skin; nested in GSE127831; not independent cohort
GSM3639549,GEO individually fetched GSM full-text record,leishmaniasis:P35 pretreatment lesion or healthy skin; nested in GSE127831; not independent cohort
GSM3639550,GEO individually fetched GSM full-text record,leishmaniasis:P35 pretreatment lesion or healthy skin; nested in GSE127831; not independent cohort
GSM3639551,GEO individually fetched GSM full-text record,leishmaniasis:P35 pretreatment lesion or healthy skin; nested in GSE127831; not independent cohort
GSM3639552,GEO individually fetched GSM full-text record,leishmaniasis:P35 pretreatment lesion or healthy skin; nested in GSE127831; not independent cohort
GSM3639553,GEO individually fetched GSM full-text record,leishmaniasis:P35 pretreatment lesion or healthy skin; nested in GSE127831; not independent cohort
GSM3639554,GEO individually fetched GSM full-text record,leishmaniasis:P35 pretreatment lesion or healthy skin; nested in GSE127831; not independent cohort
GSM3639555,GEO individually fetched GSM full-text record,leishmaniasis:P35 pretreatment lesion or healthy skin; nested in GSE127831; not independent cohort
GSM3639556,GEO individually fetched GSM full-text record,leishmaniasis:P35 pretreatment lesion or healthy skin; nested in GSE127831; not independent cohort
GSM3639557,GEO individually fetched GSM full-text record,leishmaniasis:P35 pretreatment lesion or healthy skin; nested in GSE127831; not independent cohort
GSM1341364,GEO individual sample SOFT and analyzed GPL10558 series matrix,"leishmaniasis:GSE55664 expression-used control; nested GSM, not independent study"
GSM1341365,GEO individual sample SOFT and analyzed GPL10558 series matrix,"leishmaniasis:GSE55664 expression-used control; nested GSM, not independent study"
GSM1341366,GEO individual sample SOFT and analyzed GPL10558 series matrix,"leishmaniasis:GSE55664 expression-used control; nested GSM, not independent study"
GSM1341367,GEO individual sample SOFT and analyzed GPL10558 series matrix,"leishmaniasis:GSE55664 expression-used control; nested GSM, not independent study"
GSM1341368,GEO individual sample SOFT and analyzed GPL10558 series matrix,"leishmaniasis:GSE55664 expression-used control; nested GSM, not independent study"
GSM1341369,GEO individual sample SOFT and analyzed GPL10558 series matrix,"leishmaniasis:GSE55664 expression-used control; nested GSM, not independent study"
GSM1341370,GEO individual sample SOFT and analyzed GPL10558 series matrix,"leishmaniasis:GSE55664 expression-used control; nested GSM, not independent study"
GSM1341371,GEO individual sample SOFT and analyzed GPL10558 series matrix,"leishmaniasis:GSE55664 expression-used control; nested GSM, not independent study"
GSM1341372,GEO individual sample SOFT and analyzed GPL10558 series matrix,"leishmaniasis:GSE55664 expression-used control; nested GSM, not independent study"
GSM1341373,GEO individual sample SOFT and analyzed GPL10558 series matrix,"leishmaniasis:GSE55664 expression-used control; nested GSM, not independent study"
GSM1341374,GEO individual sample SOFT and analyzed GPL10558 series matrix,"leishmaniasis:GSE55664 expression-used case; nested GSM, not independent study"
GSM1341375,GEO individual sample SOFT and analyzed GPL10558 series matrix,"leishmaniasis:GSE55664 expression-used case; nested GSM, not independent study"
GSM1341376,GEO individual sample SOFT and analyzed GPL10558 series matrix,"leishmaniasis:GSE55664 expression-used case; nested GSM, not independent study"
GSM1341377,GEO individual sample SOFT and analyzed GPL10558 series matrix,"leishmaniasis:GSE55664 expression-used case; nested GSM, not independent study"
GSM1341378,GEO individual sample SOFT and analyzed GPL10558 series matrix,"leishmaniasis:GSE55664 expression-used case; nested GSM, not independent study"
GSM1341379,GEO individual sample SOFT and analyzed GPL10558 series matrix,"leishmaniasis:GSE55664 expression-used case; nested GSM, not independent study"
GSM1341380,GEO individual sample SOFT and analyzed GPL10558 series matrix,"leishmaniasis:GSE55664 expression-used case; nested GSM, not independent study"
GSM1341381,GEO individual sample SOFT and analyzed GPL10558 series matrix,"leishmaniasis:GSE55664 expression-used case; nested GSM, not independent study"
GSM1341382,GEO individual sample SOFT and analyzed GPL10558 series matrix,"leishmaniasis:GSE55664 expression-used case; nested GSM, not independent study"
GSM1341383,GEO individual sample SOFT and analyzed GPL10558 series matrix,"leishmaniasis:GSE55664 expression-used case; nested GSM, not independent study"
GSM1341384,GEO individual sample SOFT and analyzed GPL10558 series matrix,"leishmaniasis:GSE55664 expression-used case; nested GSM, not independent study"
GSM1341385,GEO individual sample SOFT and analyzed GPL10558 series matrix,"leishmaniasis:GSE55664 expression-used case; nested GSM, not independent study"
GSM1341386,GEO individual sample SOFT and analyzed GPL10558 series matrix,"leishmaniasis:GSE55664 expression-used case; nested GSM, not independent study"
GSM1341387,GEO individual sample SOFT and analyzed GPL10558 series matrix,"leishmaniasis:GSE55664 expression-used case; nested GSM, not independent study"
GSM1341388,GEO individual sample SOFT and analyzed GPL10558 series matrix,"leishmaniasis:GSE55664 expression-used case; nested GSM, not independent study"
GSM1341389,GEO individual sample SOFT and analyzed GPL10558 series matrix,"leishmaniasis:GSE55664 expression-used case; nested GSM, not independent study"
GSM1341390,GEO individual sample SOFT and analyzed GPL10558 series matrix,"leishmaniasis:GSE55664 expression-used case; nested GSM, not independent study"
GSM1341391,GEO individual sample SOFT and analyzed GPL10558 series matrix,"leishmaniasis:GSE55664 expression-used case; nested GSM, not independent study"
GSM1341392,GEO individual sample SOFT and analyzed GPL10558 series matrix,"leishmaniasis:GSE55664 expression-used case; nested GSM, not independent study"
GSM1341393,GEO individual sample SOFT and analyzed GPL10558 series matrix,"leishmaniasis:GSE55664 expression-used case; nested GSM, not independent study"
GSM1341394,GEO individual sample SOFT and analyzed GPL10558 series matrix,"leishmaniasis:GSE55664 expression-used case; nested GSM, not independent study"
GSM1341395,GEO individual sample SOFT and analyzed GPL10558 series matrix,"leishmaniasis:GSE55664 expression-used case; nested GSM, not independent study"
GSM1341396,GEO individual sample SOFT and analyzed GPL10558 series matrix,"leishmaniasis:GSE55664 expression-used case; nested GSM, not independent study"
GSM1341397,GEO individual sample SOFT and analyzed GPL10558 series matrix,"leishmaniasis:GSE55664 expression-used case; nested GSM, not independent study"
GSM1341398,GEO individual sample SOFT and analyzed GPL10558 series matrix,"leishmaniasis:GSE55664 expression-used case; nested GSM, not independent study"
GSM2110118,GEO individual sample SOFT and analyzed GPL6244 series matrix,"leishmaniasis:GSE80008 expression-used control; nested GSM, not independent study"
GSM2110119,GEO individual sample SOFT and analyzed GPL6244 series matrix,"leishmaniasis:GSE80008 expression-used control; nested GSM, not independent study"
GSM2110120,GEO individual sample SOFT and analyzed GPL6244 series matrix,"leishmaniasis:GSE80008 expression-used control; nested GSM, not independent study"
GSM2110121,GEO individual sample SOFT and analyzed GPL6244 series matrix,"leishmaniasis:GSE80008 expression-used case; nested GSM, not independent study"
GSM2110122,GEO individual sample SOFT and analyzed GPL6244 series matrix,"leishmaniasis:GSE80008 expression-used case; nested GSM, not independent study"
GSM2110123,GEO individual sample SOFT and analyzed GPL6244 series matrix,"leishmaniasis:GSE80008 expression-used case; nested GSM, not independent study"
GSM2110124,GEO individual sample SOFT and analyzed GPL6244 series matrix,"leishmaniasis:GSE80008 expression-used case; nested GSM, not independent study"
GSM2110125,GEO individual sample SOFT and analyzed GPL6244 series matrix,"leishmaniasis:GSE80008 expression-used case; nested GSM, not independent study"
GSM2110126,GEO individual sample SOFT and analyzed GPL6244 series matrix,"leishmaniasis:GSE80008 expression-used case; nested GSM, not independent study"
GSM2110127,GEO individual sample SOFT and analyzed GPL6244 series matrix,"leishmaniasis:GSE80008 expression-used case; nested GSM, not independent study"
GSM2110128,GEO individual sample SOFT and analyzed GPL6244 series matrix,"leishmaniasis:GSE80008 expression-used case; nested GSM, not independent study"
GSM2110129,GEO individual sample SOFT and analyzed GPL6244 series matrix,"leishmaniasis:GSE80008 expression-used case; nested GSM, not independent study"
GSM2110130,GEO individual sample SOFT and analyzed GPL6244 series matrix,"leishmaniasis:GSE80008 expression-used case; nested GSM, not independent study"
GSM2110131,GEO individual sample SOFT and analyzed GPL6244 series matrix,"leishmaniasis:GSE80008 expression-used case; nested GSM, not independent study"
GSM2110132,GEO individual sample SOFT and analyzed GPL6244 series matrix,"leishmaniasis:GSE80008 expression-used case; nested GSM, not independent study"
GSM2110133,GEO individual sample SOFT and analyzed GPL6244 series matrix,"leishmaniasis:GSE80008 expression-used case; nested GSM, not independent study"
GSM2110134,GEO individual sample SOFT and analyzed GPL6244 series matrix,"leishmaniasis:GSE80008 expression-used case; nested GSM, not independent study"
GSM2110135,GEO individual sample SOFT and analyzed GPL6244 series matrix,"leishmaniasis:GSE80008 expression-used case; nested GSM, not independent study"
GSM2110136,GEO individual sample SOFT and analyzed GPL6244 series matrix,"leishmaniasis:GSE80008 expression-used case; nested GSM, not independent study"
GSM2110137,GEO individual sample SOFT and analyzed GPL6244 series matrix,"leishmaniasis:GSE80008 expression-used case; nested GSM, not independent study"
GSM2110138,GEO individual sample SOFT and analyzed GPL6244 series matrix,"leishmaniasis:GSE80008 expression-used case; nested GSM, not independent study"
GSM2110139,GEO individual sample SOFT and analyzed GPL6244 series matrix,"leishmaniasis:GSE80008 expression-used control; nested GSM, not independent study"
GSM2110140,GEO individual sample SOFT and analyzed GPL6244 series matrix,"leishmaniasis:GSE80008 expression-used control; nested GSM, not independent study"
GSM2110141,GEO individual sample SOFT and analyzed GPL6244 series matrix,"leishmaniasis:GSE80008 expression-used control; nested GSM, not independent study"
GSM2110142,GEO individual sample SOFT and analyzed GPL6244 series matrix,"leishmaniasis:GSE80008 expression-used control; nested GSM, not independent study"
GSM2110143,GEO individual sample SOFT and analyzed GPL6244 series matrix,"leishmaniasis:GSE80008 expression-used control; nested GSM, not independent study"
GSM2110144,GEO individual sample SOFT and analyzed GPL6244 series matrix,"leishmaniasis:GSE80008 expression-used control; nested GSM, not independent study"
GSM2110145,GEO individual sample SOFT and analyzed GPL6244 series matrix,"leishmaniasis:GSE80008 expression-used control; nested GSM, not independent study"
GSM2110146,GEO individual sample SOFT and analyzed GPL6244 series matrix,"leishmaniasis:GSE80008 expression-used control; nested GSM, not independent study"
GSM2110147,GEO individual sample SOFT and analyzed GPL6244 series matrix,"leishmaniasis:GSE80008 expression-used control; nested GSM, not independent study"
GSE63931,GEO source series full SOFT record,"leishmaniasis:post-selection PON2/CACNA2D2 same-tissue descriptive follow-up; parent of 16 nested used GSMs, not independent donor proof"
GSM1560512,GEO individually fetched full GSM record,"leishmaniasis:GSE63931 healthy_skin expression probe analysis; nested in GSE63931, participant independence versus other cohorts unverified"
GSM1560513,GEO individually fetched full GSM record,"leishmaniasis:GSE63931 healthy_skin expression probe analysis; nested in GSE63931, participant independence versus other cohorts unverified"
GSM1560514,GEO individually fetched full GSM record,"leishmaniasis:GSE63931 healthy_skin expression probe analysis; nested in GSE63931, participant independence versus other cohorts unverified"
GSM1560515,GEO individually fetched full GSM record,"leishmaniasis:GSE63931 healthy_skin expression probe analysis; nested in GSE63931, participant independence versus other cohorts unverified"
GSM1560516,GEO individually fetched full GSM record,"leishmaniasis:GSE63931 healthy_skin expression probe analysis; nested in GSE63931, participant independence versus other cohorts unverified"
GSM1560517,GEO individually fetched full GSM record,"leishmaniasis:GSE63931 healthy_skin expression probe analysis; nested in GSE63931, participant independence versus other cohorts unverified"
GSM1560518,GEO individually fetched full GSM record,"leishmaniasis:GSE63931 healthy_skin expression probe analysis; nested in GSE63931, participant independence versus other cohorts unverified"
GSM1560519,GEO individually fetched full GSM record,"leishmaniasis:GSE63931 healthy_skin expression probe analysis; nested in GSE63931, participant independence versus other cohorts unverified"
GSM1560520,GEO individually fetched full GSM record,"leishmaniasis:GSE63931 lesion expression probe analysis; nested in GSE63931, participant independence versus other cohorts unverified"
GSM1560521,GEO individually fetched full GSM record,"leishmaniasis:GSE63931 lesion expression probe analysis; nested in GSE63931, participant independence versus other cohorts unverified"
GSM1560522,GEO individually fetched full GSM record,"leishmaniasis:GSE63931 lesion expression probe analysis; nested in GSE63931, participant independence versus other cohorts unverified"
GSM1560523,GEO individually fetched full GSM record,"leishmaniasis:GSE63931 lesion expression probe analysis; nested in GSE63931, participant independence versus other cohorts unverified"
GSM1560524,GEO individually fetched full GSM record,"leishmaniasis:GSE63931 lesion expression probe analysis; nested in GSE63931, participant independence versus other cohorts unverified"
GSM1560525,GEO individually fetched full GSM record,"leishmaniasis:GSE63931 lesion expression probe analysis; nested in GSE63931, participant independence versus other cohorts unverified"
GSM1560526,GEO individually fetched full GSM record,"leishmaniasis:GSE63931 lesion expression probe analysis; nested in GSE63931, participant independence versus other cohorts unverified"
GSM1560527,GEO individually fetched full GSM record,"leishmaniasis:GSE63931 lesion expression probe analysis; nested in GSE63931, participant independence versus other cohorts unverified"
