accession,series,column,title,disease,treatment,sha256,url
GSM6685067,GSE216638,A,A: acute stage /UCL,disease state: acute stage /UCL,treatment: NO prior anti-leishmanial treatment,5a213a2365125343342cc502b58003245ee8c96fb6149f354c2d0399b09a159b,https://www.ncbi.nlm.nih.gov/geo/query/acc.cgi?acc=GSM6685067&targ=self&form=text&view=full
GSM6685068,GSE216638,B,B: acute stage /UCL,disease state: acute stage /UCL,treatment: NO prior anti-leishmanial treatment,b8c7301a2af7cb65fe60bb2213abbd534044a9f633c600a48e6f7215de098b60,https://www.ncbi.nlm.nih.gov/geo/query/acc.cgi?acc=GSM6685068&targ=self&form=text&view=full
GSM6685069,GSE216638,C,C: acute stage /NUCL,disease state: acute stage /NUCL,treatment: NO prior anti-leishmanial treatment,30924a7f870d92e52178d05bf1cf6849e1ce416013928b95a4bf51779d448997,https://www.ncbi.nlm.nih.gov/geo/query/acc.cgi?acc=GSM6685069&targ=self&form=text&view=full
GSM6685070,GSE216638,D,D: acute stage /UCL,disease state: acute stage /UCL,treatment: NO prior anti-leishmanial treatment,ffcdbf543dc4b6ebb7eb525d9f3701e69eb2171de2cd9e413a4f509361f3056f,https://www.ncbi.nlm.nih.gov/geo/query/acc.cgi?acc=GSM6685070&targ=self&form=text&view=full
GSM6685071,GSE216638,E,E: acute stage /UCL,disease state: acute stage /UCL,treatment: NO prior anti-leishmanial treatment,67e4f7e00ea92136ac46432859ac6eaf5147e4ecbebe8003ec4ea9eb2b2252cd,https://www.ncbi.nlm.nih.gov/geo/query/acc.cgi?acc=GSM6685071&targ=self&form=text&view=full
GSM6685072,GSE216638,F,F: acute stage /UCL,disease state: acute stage /UCL,treatment: NO prior anti-leishmanial treatment,17500b3f0106776a9eafd11f526839c71e03f4a2769c386614bd95768853a25a,https://www.ncbi.nlm.nih.gov/geo/query/acc.cgi?acc=GSM6685072&targ=self&form=text&view=full
GSM6685073,GSE216638,G,G: acute stage /NUCL,disease state: acute stage /NUCL,treatment: NO prior anti-leishmanial treatment,cf29c74f2e86d19f7708d8cabc868f3ec0cb669c9dabd8f2183ebc33e049cdc7,https://www.ncbi.nlm.nih.gov/geo/query/acc.cgi?acc=GSM6685073&targ=self&form=text&view=full
GSM6685074,GSE216638,H,H: acute stage /NUCL,disease state: acute stage /NUCL,treatment: NO prior anti-leishmanial treatment,72afa549184a04416fe8163154f06f55fb72390eb67060b0baa6205f05ac8653,https://www.ncbi.nlm.nih.gov/geo/query/acc.cgi?acc=GSM6685074&targ=self&form=text&view=full
GSM6685075,GSE216638,I,I: acute stage /UCL,disease state: acute stage /UCL,treatment: NO prior anti-leishmanial treatment,1358dc7303be0ed78456187f89b8eb0a2c96ba3148e0651d63599528a054afeb,https://www.ncbi.nlm.nih.gov/geo/query/acc.cgi?acc=GSM6685075&targ=self&form=text&view=full
GSM6685076,GSE216638,J,J: acute stage /UCL,disease state: acute stage /UCL,treatment: NO prior anti-leishmanial treatment,ccd30d88b370a60853bfd52216f9edb0df9d199f589bf435ffecf50453e649b2,https://www.ncbi.nlm.nih.gov/geo/query/acc.cgi?acc=GSM6685076&targ=self&form=text&view=full
GSM6685077,GSE216638,K,K: acute stage /NUCL,disease state: acute stage /NUCL,treatment: NO prior anti-leishmanial treatment,3e712ce4e329e4e2c38d51cc8596d70e96666fa5b79e6e6c41d8c4b474d9bf73,https://www.ncbi.nlm.nih.gov/geo/query/acc.cgi?acc=GSM6685077&targ=self&form=text&view=full
GSM6685078,GSE216638,L,L: acute stage /NUCL,disease state: acute stage /NUCL,treatment: NO prior anti-leishmanial treatment,fb39e6f902bed6ebd7887e8db20629ece439d1d5a01c74360cd552360e45e08d,https://www.ncbi.nlm.nih.gov/geo/query/acc.cgi?acc=GSM6685078&targ=self&form=text&view=full
GSM6685079,GSE216638,M,M: acute stage /NUCL,disease state: acute stage /NUCL,treatment: NO prior anti-leishmanial treatment,7888455f652a4cb8bc621bc3870956ad8d1db71108451eadef5187bda14406df,https://www.ncbi.nlm.nih.gov/geo/query/acc.cgi?acc=GSM6685079&targ=self&form=text&view=full
GSM6685080,GSE216638,O,O: acute stage /NUCL,disease state: acute stage /NUCL,treatment: NO prior anti-leishmanial treatment,d973a493e232a9faaf3dd1cdd3270754e8943979a66872f5b47b4b27bf89555c,https://www.ncbi.nlm.nih.gov/geo/query/acc.cgi?acc=GSM6685080&targ=self&form=text&view=full
GSM6685081,GSE216638,P,P: acute stage /NUCL,disease state: acute stage /NUCL,treatment: NO prior anti-leishmanial treatment,804446a3f8e1439c8d826758d3e13e5546b531b8466f22c4dd523c7356eed19a,https://www.ncbi.nlm.nih.gov/geo/query/acc.cgi?acc=GSM6685081&targ=self&form=text&view=full
GSM6685082,GSE216638,Q,Q: acute stage /NUCL,disease state: acute stage /NUCL,treatment: NO prior anti-leishmanial treatment,b50021f0db8f157e5ca4481962f848072315fd7acebb68e12de44c7e459e0f6d,https://www.ncbi.nlm.nih.gov/geo/query/acc.cgi?acc=GSM6685082&targ=self&form=text&view=full
GSM6685083,GSE216638,H1,H1: healthy,disease state: healthy,treatment: healthy,eac7abe64a4a1d22a94836b036e6a4c4b08c87139ee6082f48088416b0dcf9de,https://www.ncbi.nlm.nih.gov/geo/query/acc.cgi?acc=GSM6685083&targ=self&form=text&view=full
GSM6685084,GSE216638,H2,H2: healthy,disease state: healthy,treatment: healthy,a3deb55366de2ffcb2dd98f34b8c3f3cd3a01237c7dabcb938940f0ff376af00,https://www.ncbi.nlm.nih.gov/geo/query/acc.cgi?acc=GSM6685084&targ=self&form=text&view=full
GSM6685085,GSE216638,H3,H3: healthy,disease state: healthy,treatment: healthy,450c287b38cb231e13b4d640c3d33551a082152286d0858b9985e5e6791001f4,https://www.ncbi.nlm.nih.gov/geo/query/acc.cgi?acc=GSM6685085&targ=self&form=text&view=full
GSM6685086,GSE216638,H4,H4: healthy,disease state: healthy,treatment: healthy,32b06e9dc2ce714b396c48a1afcf265490ece034f1d6e7ffa685d1f6d650236d,https://www.ncbi.nlm.nih.gov/geo/query/acc.cgi?acc=GSM6685086&targ=self&form=text&view=full
GSM6685087,GSE216638,H5,H5: healthy,disease state: healthy,treatment: healthy,163d6cc369be26b7b6cd314377e9979f7eae198d6494df4631f0f0a974649d80,https://www.ncbi.nlm.nih.gov/geo/query/acc.cgi?acc=GSM6685087&targ=self&form=text&view=full
GSM6685088,GSE216638,H7,H7: healthy,disease state: healthy,treatment: healthy,30a11d9891d286033a876dbe68b9baecdf5c80b74646739b2706ffc3b9d5509d,https://www.ncbi.nlm.nih.gov/geo/query/acc.cgi?acc=GSM6685088&targ=self&form=text&view=full
