gene,discovery_mu,cohort_g,cohort_v,agrees,welch_p,panel_bh_q,status
FAS,2.4554,1.2708011675827982,0.26586974865598034,1,0.09051367357688309,0.2715410207306493,measured
NUDCD3,-2.0306,-0.7846573503837084,0.2431595566101026,1,0.16245202208407072,0.32490404416814145,measured
PON2,-2.0216,-2.6142271792434797,0.38448902450065126,1,1.8770358411343169e-07,3.3786645140417703e-06,measured
EZH2,1.9154,-0.8169610837880854,0.244335426039944,0,0.0373102609301273,0.1343169393484583,measured
PAQR7,-2.0972,0.3398665786038121,0.2317918778314817,0,0.462546836861333,0.6404494664233842,measured
SYTL1,-1.8626,-0.8959404533944713,0.2474100597582278,1,0.013774303368967004,0.06198436516035152,measured
TXNRD1,1.8597,0.9835328351546772,0.2511515947991075,1,0.008939101727662687,0.05363461036597612,measured
PDE4B,2.0883,-0.08365360311092691,0.2293257104237903,0,0.8568026585488289,0.8568026585488289,measured
GABPB1,1.7914,0.37324367689422244,0.23233282217442844,1,0.4564712566466873,0.6404494664233842,measured
ALAD,-1.7901,-0.220292284517122,0.23026959145343423,1,0.6128520132203241,0.7646132180639303,measured
CLIC3,-1.7513,-0.6580296048745741,0.23900764305056185,1,0.13219041678450577,0.32490404416814145,measured
UST,-1.719,0.21973782670830172,0.230264046495905,0,0.6371776817199419,0.7646132180639303,measured
CCR4,1.7024,,,,,,not uniquely mapped or filtered
LDLRAD3,-1.696,-0.7091938039354336,0.24059748147440324,1,0.24384026580550547,0.3990113440453726,measured
CCL2,2.0795,,,,,,not uniquely mapped or filtered
ANKS1A,-1.6686,0.1467533345766856,0.2296561335123343,0,0.7326536377824446,0.7757509105931767,measured
C11orf49,-1.6606,0.19697849802747924,0.2300484968640567,0,0.7152315171977539,0.7757509105931767,measured
MKL2,-1.6596,-0.5413208997105936,0.2358264011317459,1,0.16069117548632292,0.32490404416814145,measured
MAP3K8,1.65,-0.4392364659408375,0.23355140923512566,0,0.21418458706352944,0.385532256714353,measured
CACNA2D2,-1.6381,-1.0209298020378001,0.2528552498641426,1,0.0033281041956379934,0.02995293776074194,measured
