gene,mu,q,k
FAS,2.4554,1.8644e-09,2
NUDCD3,-2.0306,1.5215e-07,2
PON2,-2.0216,1.663e-07,2
EZH2,1.9154,6.162e-07,2
PAQR7,-2.0972,8.5205e-07,2
SYTL1,-1.8626,1.1552e-06,2
TXNRD1,1.8597,1.1552e-06,2
PDE4B,2.0883,2.275e-06,2
GABPB1,1.7914,2.3013e-06,2
ALAD,-1.7901,2.3016e-06,2
CLIC3,-1.7513,3.5013e-06,2
UST,-1.719,5.4226e-06,2
CCR4,1.7024,6.7699e-06,2
LDLRAD3,-1.696,7.2758e-06,2
CCL2,2.0795,8.9055e-06,2
ANKS1A,-1.6686,9.8305e-06,2
C11orf49,-1.6606,1.0918e-05,2
MKL2,-1.6596,1.0919e-05,2
MAP3K8,1.65,1.2345e-05,2
CACNA2D2,-1.6381,1.3614e-05,2
